{
  "versions": {
    "qiskit": "2.5.0",
    "qiskit_aer": "0.17.2"
  },
  "ghz_shots": 1024,
  "num_instances": 5,
  "multi_instance_size": 8,
  "values": {
    "vqe_energy/4q": -0.31373600430192916,
    "qaoa_maxcut/4q": 0.8073977597149344,
    "ghz_p0/4q": 0.4999999999999999,
    "qft_probe/4q": 0.2309698831278216,
    "random_circuit/4q": 0.020433010122830306,
    "vqe_energy/8q": -2.4528244235431966,
    "qaoa_maxcut/8q": 3.795653895386461,
    "ghz_p0/8q": 0.4999999999999999,
    "qft_probe/8q": 0.062481176168512724,
    "random_circuit/8q": 0.008128892355108266,
    "vqe_energy/12q": -0.3564388792636909,
    "qaoa_maxcut/12q": 5.693480843079692,
    "ghz_p0/12q": 0.4999999999999999,
    "qft_probe/12q": 0.015624981616432826,
    "random_circuit/12q": 0.00033471186149778117,
    "vqe_energy/16q": 0.9457370283647608,
    "qaoa_maxcut/16q": 7.591307790772923,
    "ghz_p0/16q": 0.4999999999999999,
    "qft_probe/16q": 0.003906249982047289,
    "random_circuit/16q": 1.5751148820299282e-06,
    "vqe_energy_multi/8q_i0": -2.4528244235431966,
    "vqe_energy_multi/8q_i1": -1.5804430045041866,
    "vqe_energy_multi/8q_i2": -0.9315171992129172,
    "vqe_energy_multi/8q_i3": 0.7604429294092654,
    "vqe_energy_multi/8q_i4": 1.1897597560319353,
    "qaoa_maxcut_multi/8q_i0": 3.795653895386461,
    "qaoa_maxcut_multi/8q_i1": 4.7017282294599445,
    "qaoa_maxcut_multi/8q_i2": 5.079855513552504,
    "qaoa_maxcut_multi/8q_i3": 4.451774153709306,
    "qaoa_maxcut_multi/8q_i4": 4.124022267408644
  },
  "timings_ms": {
    "statevector": {
      "vqe_energy/4q": 1.9599149999862675,
      "qaoa_maxcut/4q": 1.6245230000322408,
      "ghz_sampling/4q": 0.9793515000069419,
      "qft_probe/4q": 0.7677030000081686,
      "random_circuit/4q": 1.594600499970511,
      "vqe_energy/8q": 3.6350319999769454,
      "qaoa_maxcut/8q": 4.010078000078465,
      "ghz_sampling/8q": 2.5843239999971956,
      "qft_probe/8q": 2.3981785000160016,
      "random_circuit/8q": 3.521541999987221,
      "vqe_energy/12q": 8.331097999985104,
      "qaoa_maxcut/12q": 7.248019000030581,
      "ghz_sampling/12q": 17.185851000022012,
      "qft_probe/12q": 7.0266650000121444,
      "random_circuit/12q": 8.202577000020028,
      "vqe_energy/16q": 75.29377099990597,
      "qaoa_maxcut/16q": 68.92798499984565,
      "ghz_sampling/16q": 653.578035999999,
      "qft_probe/16q": 69.17057100008606,
      "random_circuit/16q": 76.72282499993344,
      "vqe_energy_multi_instance/8q": 18.059232000041447,
      "qaoa_cost_multi_instance/8q": 16.659987499906492,
      "ghz_sampling_multi_instance/8q": 9.80265449993567
    },
    "aer": {
      "vqe_energy/4q": 1.3769494999564813,
      "qaoa_maxcut/4q": 1.3890170000081525,
      "ghz_sampling/4q": 1.16901449996476,
      "qft_probe/4q": 1.2366920000204118,
      "random_circuit/4q": 1.7055524999705085,
      "vqe_energy/8q": 2.0640165000145316,
      "qaoa_maxcut/8q": 2.6056744999891635,
      "ghz_sampling/8q": 1.656483000033404,
      "qft_probe/8q": 2.4271670000075574,
      "random_circuit/8q": 2.7066439999998693,
      "vqe_energy/12q": 4.121467000004486,
      "qaoa_maxcut/12q": 5.121848999920076,
      "ghz_sampling/12q": 2.0574609999357563,
      "qft_probe/12q": 6.23000600000978,
      "random_circuit/12q": 4.927917000031812,
      "vqe_energy/16q": 14.389759000096092,
      "qaoa_maxcut/16q": 13.156240000171238,
      "ghz_sampling/16q": 4.128894999894328,
      "qft_probe/16q": 15.563105999945037,
      "random_circuit/16q": 15.170253999940542,
      "vqe_energy_multi_instance/8q": 10.095857500004968,
      "qaoa_cost_multi_instance/8q": 13.010971499966217,
      "ghz_sampling_multi_instance/8q": 7.906589000072017
    }
  }
}