{
  "versions": {
    "qiskit": "2.5.0",
    "qiskit_aer": "0.17.2"
  },
  "ghz_shots": 1024,
  "values": {
    "vqe_energy/4q": -0.31373600430192916,
    "qaoa_maxcut/4q": 0.8073977597149344,
    "ghz_p0/4q": 0.4999999999999999,
    "vqe_energy/8q": -2.4528244235431966,
    "qaoa_maxcut/8q": 3.795653895386461,
    "ghz_p0/8q": 0.4999999999999999,
    "vqe_energy/12q": -0.3564388792636909,
    "qaoa_maxcut/12q": 5.693480843079692,
    "ghz_p0/12q": 0.4999999999999999,
    "vqe_energy/16q": 0.9457370283647608,
    "qaoa_maxcut/16q": 7.591307790772923,
    "ghz_p0/16q": 0.4999999999999999
  },
  "timings_ms": {
    "statevector": {
      "vqe_energy/4q": 2.05559699998048,
      "qaoa_maxcut/4q": 1.5711105000377756,
      "ghz_sampling/4q": 1.0649880000244139,
      "vqe_energy/8q": 3.3394844999747875,
      "qaoa_maxcut/8q": 2.953403499986962,
      "ghz_sampling/8q": 2.4078944999814667,
      "vqe_energy/12q": 7.79432399997404,
      "qaoa_maxcut/12q": 6.634899999994559,
      "ghz_sampling/12q": 17.243299000028856,
      "vqe_energy/16q": 81.4074389999746,
      "qaoa_maxcut/16q": 73.57880999995814,
      "ghz_sampling/16q": 508.9334599999802
    },
    "aer": {
      "vqe_energy/4q": 1.1374739999894246,
      "qaoa_maxcut/4q": 1.3978435000012723,
      "ghz_sampling/4q": 1.0002600000120765,
      "vqe_energy/8q": 1.8535749999841755,
      "qaoa_maxcut/8q": 2.1023164999860455,
      "ghz_sampling/8q": 1.6006160000188174,
      "vqe_energy/12q": 3.8359899999704794,
      "qaoa_maxcut/12q": 4.25054300001193,
      "ghz_sampling/12q": 2.021588999980395,
      "vqe_energy/16q": 11.835288000042965,
      "qaoa_maxcut/16q": 10.000578000017413,
      "ghz_sampling/16q": 4.588361999992685
    }
  }
}