{
  "versions": {
    "qiskit": "2.5.0",
    "qiskit_aer": "0.17.2"
  },
  "ghz_shots": 1024,
  "values": {
    "vqe_energy/4q": -0.31373600430192916,
    "qaoa_maxcut/4q": 0.8073977597149344,
    "ghz_p0/4q": 0.4999999999999999,
    "vqe_energy/8q": -2.4528244235431966,
    "qaoa_maxcut/8q": 3.795653895386461,
    "ghz_p0/8q": 0.4999999999999999,
    "vqe_energy/12q": -0.3564388792636909,
    "qaoa_maxcut/12q": 5.693480843079692,
    "ghz_p0/12q": 0.4999999999999999,
    "vqe_energy/16q": 0.9457370283647608,
    "qaoa_maxcut/16q": 7.591307790772923,
    "ghz_p0/16q": 0.4999999999999999
  },
  "timings_ms": {
    "statevector": {
      "vqe_energy/4q": 1.7313840000383607,
      "qaoa_maxcut/4q": 1.5392314999189693,
      "ghz_sampling/4q": 0.9696900000335518,
      "vqe_energy/8q": 5.038182000077995,
      "qaoa_maxcut/8q": 3.8777690000415532,
      "ghz_sampling/8q": 2.939192499979981,
      "vqe_energy/12q": 10.582268000007389,
      "qaoa_maxcut/12q": 9.862666999993053,
      "ghz_sampling/12q": 21.144139000057294,
      "vqe_energy/16q": 84.68964199994389,
      "qaoa_maxcut/16q": 74.30834100000538,
      "ghz_sampling/16q": 627.8665830000136
    },
    "aer": {
      "vqe_energy/4q": 1.5404470000248693,
      "qaoa_maxcut/4q": 1.6350580000334958,
      "ghz_sampling/4q": 1.5003554999566404,
      "vqe_energy/8q": 1.9655749999856198,
      "qaoa_maxcut/8q": 2.6600405000181127,
      "ghz_sampling/8q": 2.049341999963872,
      "vqe_energy/12q": 4.670821999980035,
      "qaoa_maxcut/12q": 5.114406999950916,
      "ghz_sampling/12q": 3.361506000032932,
      "vqe_energy/16q": 17.728859000044395,
      "qaoa_maxcut/16q": 13.94993799999611,
      "ghz_sampling/16q": 4.784092000022611
    }
  }
}