{
  "versions": {
    "cirq": "1.7.0",
    "qsimcirq": "0.22.0"
  },
  "ghz_shots": 1024,
  "values": {
    "vqe_energy/4q": -0.31373578966304194,
    "qaoa_maxcut/4q": 0.8073985645314679,
    "ghz_p0/4q": 0.4999999701976776,
    "vqe_energy/8q": -2.4528214882110433,
    "qaoa_maxcut/8q": 3.795654103392735,
    "ghz_p0/8q": 0.4999999701976776,
    "vqe_energy/12q": -0.35643885109255763,
    "qaoa_maxcut/12q": 5.6934813448565365,
    "ghz_p0/12q": 0.4999999701976776,
    "vqe_energy/16q": 0.9457365417813874,
    "qaoa_maxcut/16q": 7.591308733860027,
    "ghz_p0/16q": 0.4999999701976776
  },
  "timings_ms": {
    "cirq": {
      "vqe_energy/4q": 1.4447914945776574,
      "qaoa_maxcut/4q": 1.3948539926786907,
      "ghz_sampling/4q": 1.5600624974467792,
      "vqe_energy/8q": 2.8114999950048514,
      "qaoa_maxcut/8q": 2.826562507834751,
      "ghz_sampling/8q": 2.7653334982460365,
      "vqe_energy/12q": 5.82870798825752,
      "qaoa_maxcut/12q": 5.3370840032584965,
      "ghz_sampling/12q": 3.8748330116504803,
      "vqe_energy/16q": 16.592374988249503,
      "qaoa_maxcut/16q": 19.34620899555739,
      "ghz_sampling/16q": 7.559958001365885
    },
    "qsim": {
      "vqe_energy/4q": 0.4504370008362457,
      "qaoa_maxcut/4q": 0.4617710001184605,
      "ghz_sampling/4q": 0.7028125037322752,
      "vqe_energy/8q": 0.9472079982515424,
      "qaoa_maxcut/8q": 0.953416500124149,
      "ghz_sampling/8q": 1.102583497413434,
      "vqe_energy/12q": 1.9587499991757795,
      "qaoa_maxcut/12q": 1.6878750029718503,
      "ghz_sampling/12q": 1.531832996988669,
      "vqe_energy/16q": 13.031124995904975,
      "qaoa_maxcut/16q": 9.175667000818066,
      "ghz_sampling/16q": 3.8977499934844673
    }
  }
}