{
  "versions": {
    "cirq": "1.7.0",
    "qsimcirq": "0.22.0"
  },
  "ghz_shots": 1024,
  "num_instances": 5,
  "multi_instance_size": 8,
  "values": {
    "vqe_energy/4q": -0.31373581290245056,
    "qaoa_maxcut/4q": 0.8073985278606415,
    "ghz_p0/4q": 0.4999999701976776,
    "qft_probe/4q": 0.2309698760509491,
    "random_circuit/4q": 0.020433036610484123,
    "vqe_energy/8q": -2.452822134422604,
    "qaoa_maxcut/8q": 3.7956541187595576,
    "ghz_p0/8q": 0.4999999701976776,
    "qft_probe/8q": 0.06248118355870247,
    "random_circuit/8q": 0.008128885179758072,
    "vqe_energy/12q": -0.35643891508630077,
    "qaoa_maxcut/12q": 5.693481389153021,
    "ghz_p0/12q": 0.4999999701976776,
    "qft_probe/12q": 0.015624982304871082,
    "random_circuit/12q": 0.00033471183269284666,
    "vqe_energy/16q": 0.9457370125737317,
    "qaoa_maxcut/16q": 7.591308772579282,
    "ghz_p0/16q": 0.4999999701976776,
    "qft_probe/16q": 0.003906250465661287,
    "random_circuit/16q": 1.5751173805256258e-06,
    "vqe_energy_multi/8q_i0": -2.452822134422604,
    "vqe_energy_multi/8q_i1": -1.5804420965723693,
    "vqe_energy_multi/8q_i2": -0.9315165828447789,
    "vqe_energy_multi/8q_i3": 0.7604419625131413,
    "vqe_energy_multi/8q_i4": 1.189759774308186,
    "qaoa_maxcut_multi/8q_i0": 3.7956541187595576,
    "qaoa_maxcut_multi/8q_i1": 4.7017270408105105,
    "qaoa_maxcut_multi/8q_i2": 5.079854692041408,
    "qaoa_maxcut_multi/8q_i3": 4.451773510489147,
    "qaoa_maxcut_multi/8q_i4": 4.124021997500677
  },
  "timings_ms": {
    "cirq": {
      "vqe_energy/4q": 3.1939090000605574,
      "qaoa_maxcut/4q": 3.1683524999834844,
      "ghz_sampling/4q": 2.6918439999690236,
      "qft_probe/4q": 1.1862495000514173,
      "random_circuit/4q": 3.0051985000909553,
      "vqe_energy/8q": 6.239853500005665,
      "qaoa_maxcut/8q": 6.327006499986965,
      "ghz_sampling/8q": 4.30650099997365,
      "qft_probe/8q": 2.814792499975738,
      "random_circuit/8q": 5.719657499867026,
      "vqe_energy/12q": 10.213247999899977,
      "qaoa_maxcut/12q": 10.194068999908268,
      "ghz_sampling/12q": 6.367107000187389,
      "qft_probe/12q": 5.615241999976206,
      "random_circuit/12q": 9.592527999984668,
      "vqe_energy/16q": 29.53621500000736,
      "qaoa_maxcut/16q": 31.801978999965286,
      "ghz_sampling/16q": 9.09439899987774,
      "qft_probe/16q": 12.302651000027254,
      "random_circuit/16q": 31.27356699997108,
      "vqe_energy_multi_instance/8q": 31.460821499990743,
      "qaoa_cost_multi_instance/8q": 32.18933950006431,
      "ghz_sampling_multi_instance/8q": 22.39979700004824
    },
    "qsim": {
      "vqe_energy/4q": 0.8096540000224195,
      "qaoa_maxcut/4q": 0.8024910000585805,
      "ghz_sampling/4q": 1.079224500131204,
      "qft_probe/4q": 0.3086995000103343,
      "random_circuit/4q": 0.8017669999844657,
      "vqe_energy/8q": 1.554897500000152,
      "qaoa_maxcut/8q": 1.5167784999903233,
      "ghz_sampling/8q": 1.5987790000053792,
      "qft_probe/8q": 0.7845509999242495,
      "random_circuit/8q": 1.5162689999215218,
      "vqe_energy/12q": 2.393716999904427,
      "qaoa_maxcut/12q": 2.2818820000338746,
      "ghz_sampling/12q": 2.1705369999835966,
      "qft_probe/12q": 1.6028740001274855,
      "random_circuit/12q": 2.404910999985077,
      "vqe_energy/16q": 5.774618000032206,
      "qaoa_maxcut/16q": 4.775992000077167,
      "ghz_sampling/16q": 3.346445000033782,
      "qft_probe/16q": 5.2030950000698795,
      "random_circuit/16q": 4.701769999883254,
      "vqe_energy_multi_instance/8q": 8.400073999951019,
      "qaoa_cost_multi_instance/8q": 8.147562000090147,
      "ghz_sampling_multi_instance/8q": 8.542992500110813
    }
  }
}