{
  "versions": {
    "cirq": "1.7.0",
    "qsimcirq": "0.22.0"
  },
  "ghz_shots": 1024,
  "values": {
    "vqe_energy/4q": -0.313735818490386,
    "qaoa_maxcut/4q": 0.8073984384536743,
    "ghz_p0/4q": 0.4999999701976776,
    "vqe_energy/8q": -2.4528211400465807,
    "qaoa_maxcut/8q": 3.7956541187595576,
    "ghz_p0/8q": 0.4999999701976776,
    "vqe_energy/12q": -0.3564387653908483,
    "qaoa_maxcut/12q": 5.693481359767247,
    "ghz_p0/12q": 0.4999999701976776,
    "vqe_energy/16q": 0.9457367893549926,
    "qaoa_maxcut/16q": 7.591308754724082,
    "ghz_p0/16q": 0.4999999701976776
  },
  "timings_ms": {
    "cirq": {
      "vqe_energy/4q": 2.8199119999783306,
      "qaoa_maxcut/4q": 2.7448365000282138,
      "ghz_sampling/4q": 2.303815499999473,
      "vqe_energy/8q": 5.332359500016537,
      "qaoa_maxcut/8q": 5.705310500019323,
      "ghz_sampling/8q": 3.801318499995432,
      "vqe_energy/12q": 9.525043999985883,
      "qaoa_maxcut/12q": 9.34903399996756,
      "ghz_sampling/12q": 5.514149000021007,
      "vqe_energy/16q": 29.902673999970375,
      "qaoa_maxcut/16q": 27.66548499999999,
      "ghz_sampling/16q": 8.208798999987721
    },
    "qsim": {
      "vqe_energy/4q": 0.6870130000038444,
      "qaoa_maxcut/4q": 0.6956164999962766,
      "ghz_sampling/4q": 0.9107919999848946,
      "vqe_energy/8q": 1.610138500012681,
      "qaoa_maxcut/8q": 1.4415555000084623,
      "ghz_sampling/8q": 1.4400065000188533,
      "vqe_energy/12q": 2.2001510000109192,
      "qaoa_maxcut/12q": 2.1147100000007413,
      "ghz_sampling/12q": 2.0731359999786036,
      "vqe_energy/16q": 5.646863000038138,
      "qaoa_maxcut/16q": 4.524562000028709,
      "ghz_sampling/16q": 3.047744000014063
    }
  }
}