{
  "versions": {
    "qulacs": "0.6.13"
  },
  "ghz_shots": 1024,
  "values": {
    "vqe_energy/4q": -0.31373600430192977,
    "qaoa_maxcut/4q": 0.8073977597149347,
    "ghz_p0/4q": 0.4999999999999999,
    "vqe_energy/8q": -2.4528244235431957,
    "qaoa_maxcut/8q": 3.795653895386461,
    "ghz_p0/8q": 0.4999999999999999,
    "vqe_energy/12q": -0.35643887926369106,
    "qaoa_maxcut/12q": 5.6934808430796915,
    "ghz_p0/12q": 0.4999999999999999,
    "vqe_energy/16q": 0.9457370283647739,
    "qaoa_maxcut/16q": 7.591307790772923,
    "ghz_p0/16q": 0.4999999999999999
  },
  "timings_ms": {
    "qulacs": {
      "vqe_energy/4q": 0.05318399996667722,
      "qaoa_maxcut/4q": 0.04667799998969713,
      "ghz_sampling/4q": 0.0637875000393251,
      "vqe_energy/8q": 0.08853250005813607,
      "qaoa_maxcut/8q": 0.07767849990614195,
      "ghz_sampling/8q": 0.055033000080584316,
      "vqe_energy/12q": 0.962406999860832,
      "qaoa_maxcut/12q": 0.8565739999539801,
      "ghz_sampling/12q": 0.09323099993707729,
      "vqe_energy/16q": 14.069782999968083,
      "qaoa_maxcut/16q": 8.639227999992727,
      "ghz_sampling/16q": 0.3019940002104704
    }
  }
}