{
  "versions": {
    "qulacs": "0.6.13"
  },
  "ghz_shots": 1024,
  "values": {
    "vqe_energy/4q": -0.3137360043019298,
    "qaoa_maxcut/4q": 0.8073977597149347,
    "ghz_p0/4q": 0.4999999999999999,
    "vqe_energy/8q": -2.4528244235431957,
    "qaoa_maxcut/8q": 3.795653895386461,
    "ghz_p0/8q": 0.4999999999999999,
    "vqe_energy/12q": -0.35643887926369106,
    "qaoa_maxcut/12q": 5.6934808430796915,
    "ghz_p0/12q": 0.4999999999999999,
    "vqe_energy/16q": 0.9457370283647739,
    "qaoa_maxcut/16q": 7.591307790772923,
    "ghz_p0/16q": 0.4999999999999999
  },
  "timings_ms": {
    "qulacs": {
      "vqe_energy/4q": 0.04021149999289264,
      "qaoa_maxcut/4q": 0.04023650001272472,
      "ghz_sampling/4q": 0.04417599998873811,
      "vqe_energy/8q": 0.08342449999076962,
      "qaoa_maxcut/8q": 0.07566499999711596,
      "ghz_sampling/8q": 0.04933400001050359,
      "vqe_energy/12q": 0.9244639999792525,
      "qaoa_maxcut/12q": 0.8933029999980135,
      "ghz_sampling/12q": 0.08426800002325763,
      "vqe_energy/16q": 12.816593000025023,
      "qaoa_maxcut/16q": 8.19311300000436,
      "ghz_sampling/16q": 0.46165999998493135
    }
  }
}